ID,Title,DueDate,Completed
1,"Activity 1","2022-01-11T00:52:44.431Z",false
2,"Activity 2","2022-01-11T00:52:44.431Z",true
3,"Activity 3","2022-01-11T00:52:44.431Z",false
4,"Activity 4","2022-01-11T00:52:44.431Z",true
5,"Activity 5","2022-01-11T00:52:44.431Z",false
6,"Activity 6","2022-01-11T00:52:44.431Z",false
7,"Activity 7","2022-01-11T00:52:44.431Z",false
8,"Activity 8","2022-01-13T00:55:44.431Z",true
9,"Activity 9","2022-02-11T00:52:44.431Z",false
10,"Activity 10","2022-02-11T00:52:44.431Z",false